{
  "project_info": {
    "project_number": "700046792945",
    "project_id": "application-admin-fdadb",
    "storage_bucket": "application-admin-fdadb.appspot.com"
  },
  "client": [
    {
      "client_info": {
        "mobilesdk_app_id": "1:700046792945:android:616aab83d3f2e9585bf150",
        "android_client_info": {
          "package_name": "com.example.adminapp"
        }
      },
      "oauth_client": [
        {
          "client_id": "700046792945-0k8em6nis2upkjivmmvqrcuuib8dqbfk.apps.googleusercontent.com",
          "client_type": 3
        }
      ],
      "api_key": [
        {
          "current_key": "AIzaSyASf9ZfvwF81a1KObqf4IKn6lDOUhO82mM"
        }
      ],
      "services": {
        "appinvite_service": {
          "other_platform_oauth_client": [
            {
              "client_id": "700046792945-0k8em6nis2upkjivmmvqrcuuib8dqbfk.apps.googleusercontent.com",
              "client_type": 3
            }
          ]
        }
      }
    }
  ],
  "configuration_version": "1"
}